Category,Title
Packing & Bags Accessories,"AmazonBasics 4-Piece Packing Cube Set - Small, Medium, Large, and Slim, Blue"
Mobile Phones,"Apple iPhone 8 Plus without FaceTime - 64GB, 4G LTE, Space Grey"
Car Care Products,"Promate Car Tissue Holder, PU Leather Clip Car Sun Visor Tissue Box Holder for Facial Tissue and Other Napkin Papers, TissueBox-Cherry"
Camping Goods,OZtrail Deluxe Gazebo 3 m Wall with 2 Zip Door MPGW-30SD-C
Health and Personal Care,"ALWAYS Total Protection Large Sanitary Pads, 10 count"
Hair Styling Electronics,"Philips HP8321 EssentialCare Straightener Ceramic Tourmaline plates, Longer plates (100 mm) , 210C professional temperature"
Camcorders,"GoPro Hero 5 Black - 12 MP, 4K Action Camera"
Music Keyboards,"Yamaha Portable Keyboard, Gray - PSR-E353"
Watches,Diesel Double Down 44 Men's Black Dial Rubber Band Watch - DZ1437
Pet Food & Supplements,"Purina Friskies Original Cat Food, 2.1 Ounce"
Garden decoration,Cantilever Umbrella for Garden & Outdoor Living with Marble Base - Beige
Video Games,"Grand Theft Auto V by Rockstar - PlayStation 4, PAL"
"Ovens, Ranges & Stoves",Nobel 2 Burner Gas Stove with Auto Ignition - NGT-2002
Feeding,"Tommee Tippee TT42262071 Closer To Nature Feeding Bottles 2x 340ml , White"
Hand tools,52 Piece Screwdriver Set - MT-5103
Router,Xiaomi Mi Wi-Fi Repeater 2 - White
Athletic Shoes,Skechers Go Walk 4 for Men
Ink Cartridges,"Hp 652 Ink Advantage Cartridge - F6v24ae, Tri-color"
Makeup,"RapidLash Eyelash and Eyebrow Enhancing Serum - 0.1oz, Clear"
Plastic & Paper Products,"Fine Fluffy Facial Tissues - Pack of 10, 200 Sheets x 2 Ply"
Beauty Tools and Accessories,GoodSky Professional Vacuum Pore Cleanser& Blackhead Remover Full Set
Skin Care,Radha beauty anti aging set- vitamin C and Hyaluronic acid serum
Skin Care,Mederma Advanced Scar gel 20gm
Skin Care,PFB Vanish Skin Lightning /Whitening - Skin Bleaching Cream for Ingrown Hair
Baby Bath & Skin Care,"WaterWipes Super Value Box Baby Wipes - Pack of 9 Pouches x 60 Sheets, 540 Wipes"
Diapers,"Pampers Active Baby Dry Diapers, Size 2, Triple Value Pack - 3-6 kg, 192 Count"
Hard Drives,"WD 1TB My PassportÂ  Portable External Hard Drive USB 3.0 - Black, WDBYNN0010BBK"
Televisions,Samsung 55 inch Series 7 4K Ultra HD Curved Smart TV - UA55MU7350KXZN
Game Consoles,"Sony PlayStation 4 Pro - 1TB, 1 Controller"
Camcorders,"GoPro Hero6 Black - 12 MP, 4K Ultra HD Action Camera"
